{"cameraMode":{"drawMode":0,"name":"Shaded","section":"Shading Mode"},"sceneLighting":true,"audioPlay":false,"sceneViewState":{"m_AlwaysRefresh":false,"showFog":true,"showSkybox":true,"showFlares":true,"showImageEffects":true,"showParticleSystems":true,"showVisualEffectGraphs":true,"m_FxEnabled":true},"in2DMode":false,"pivot":{"x":0.40545231103897097,"y":0.7336325645446777,"z":-2.8959615230560304},"rotation":{"x":-0.012274996377527714,"y":0.9863938093185425,"z":-0.13881295919418336,"w":-0.08722538501024246},"size":3.4646265506744386,"orthographic":false}